action	min_reward	mean_reward	max_reward
0	0.0	0.8188615927550764	4.066220476820962
1	0.0	0.646265860430738	2.2603396157517155
2	0.0	0.8524649508155228	3.0792812460032764
