strategy	regret
uniform	123.52494624473309
just-0	73.85630045118052
just-1	296.71853828301886
just-2	0.0
actual	58.188145821327346
